{
  "fmlloader-1.20.1-47.4.0.jar (modloader)": {
    "jarName": "fmlloader-1.20.1-47.4.0.jar (modloader)",
    "modId": "forge",
    "version": "fmlloader-1.20.1-47.4.0.jar"
  },
  "[1.20.1] Modern Fullbright 4.0.jar": {
    "jarName": "[1.20.1] Modern Fullbright 4.0.jar",
    "modId": "modernfullbright",
    "version": "4.0.0"
  },
  "[1.20.1] SecurityCraft v1.10.0.1.jar": {
    "jarName": "[1.20.1] SecurityCraft v1.10.0.1.jar",
    "modId": "securitycraft",
    "version": "1.10.0.1"
  },
  "actuallyunbreaking-1.20.1-0.2.1.jar": {
    "jarName": "actuallyunbreaking-1.20.1-0.2.1.jar",
    "modId": "actuallyunbreaking",
    "version": "1.20.1-0.2.1"
  },
  "AdvancedAE-1.1.3-1.20.1.jar": {
    "jarName": "AdvancedAE-1.1.3-1.20.1.jar",
    "modId": "advanced_ae",
    "version": "1.1.3-1.20.1"
  },
  "AE2-Things-1.2.1.jar": {
    "jarName": "AE2-Things-1.2.1.jar",
    "modId": "ae2things",
    "version": "1.2.1"
  },
  "ae2insertexportcard-1.20.1-1.3.0.jar": {
    "jarName": "ae2insertexportcard-1.20.1-1.3.0.jar",
    "modId": "ae2insertexportcard",
    "version": "1.20.1-1.3.0"
  },
  "ae2wtlib-15.2.3-forge.jar": {
    "jarName": "ae2wtlib-15.2.3-forge.jar",
    "modId": "ae2wtlib",
    "version": "15.2.3-forge"
  },
  "AEInfinityBooster-1.20.1-1.0.0+51.jar": {
    "jarName": "AEInfinityBooster-1.20.1-1.0.0+51.jar",
    "modId": "aeinfinitybooster",
    "version": "1.20.1-1.0.0+51"
  },
  "alexsdelight-1.5.jar": {
    "jarName": "alexsdelight-1.5.jar",
    "modId": "alexsdelight",
    "version": "1.5"
  },
  "alexsmobs-1.22.9.jar": {
    "jarName": "alexsmobs-1.22.9.jar",
    "modId": "alexsmobs",
    "version": "1.22.9"
  },
  "AltOriginGui-forge-1.20.1-1.1.2.jar": {
    "jarName": "AltOriginGui-forge-1.20.1-1.1.2.jar",
    "modId": "altorigingui",
    "version": "1.1.2"
  },
  "ancientstructures-forge-1.20.1-0.0.7.jar": {
    "jarName": "ancientstructures-forge-1.20.1-0.0.7.jar",
    "modId": "ancientstructures",
    "version": "0.0.7"
  },
  "Antique Atlas-1.20.1-8.0.1-Forge.jar": {
    "jarName": "Antique Atlas-1.20.1-8.0.1-Forge.jar",
    "modId": "antiqueatlas",
    "version": "8.0.1"
  },
  "appleskin-forge-mc1.20.1-2.5.1.jar": {
    "jarName": "appleskin-forge-mc1.20.1-2.5.1.jar",
    "modId": "appleskin",
    "version": "2.5.1+mc1.20.1"
  },
  "appliedenergistics2-forge-15.4.7.jar": {
    "jarName": "appliedenergistics2-forge-15.4.7.jar",
    "modId": "ae2",
    "version": "15.4.7"
  },
  "architectury-9.2.14-forge.jar": {
    "jarName": "architectury-9.2.14-forge.jar",
    "modId": "architectury",
    "version": "9.2.14"
  },
  "Armor of the Ages-forge-1.20.1-1.3.8.jar": {
    "jarName": "Armor of the Ages-forge-1.20.1-1.3.8.jar",
    "modId": "armoroftheages",
    "version": "1.3.8"
  },
  "ars_nouveau-1.20.1-4.12.7-all.jar": {
    "jarName": "ars_nouveau-1.20.1-4.12.7-all.jar",
    "modId": "ars_nouveau",
    "version": "4.12.7"
  },
  "astikorcarts-1.20.1-1.1.8.jar": {
    "jarName": "astikorcarts-1.20.1-1.1.8.jar",
    "modId": "astikorcarts",
    "version": "1.1.8"
  },
  "balancedflight-1.20.1_v2.3.0.jar": {
    "jarName": "balancedflight-1.20.1_v2.3.0.jar",
    "modId": "balancedflight",
    "version": "1.20.1_v2.3.0"
  },
  "balm-forge-1.20.1-7.3.34-all.jar": {
    "jarName": "balm-forge-1.20.1-7.3.34-all.jar",
    "modId": "balm",
    "version": "7.3.34"
  },
  "beekeeperhut-forge-mc1.20.1-2.0.1.jar": {
    "jarName": "beekeeperhut-forge-mc1.20.1-2.0.1.jar",
    "modId": "beekeeperhut",
    "version": "2.0.1"
  },
  "Better Tags-1.20.1-1.4.jar": {
    "jarName": "Better Tags-1.20.1-1.4.jar",
    "modId": "bettertags",
    "version": "1.4"
  },
  "biofactory-forge-1.20.1-0.4.1.jar": {
    "jarName": "biofactory-forge-1.20.1-0.4.1.jar",
    "modId": "biofactory",
    "version": "0.4.1"
  },
  "biomancy-forge-1.20.1-2.8.19.0.jar": {
    "jarName": "biomancy-forge-1.20.1-2.8.19.0.jar",
    "modId": "biomancy",
    "version": "2.8.19.0"
  },
  "BiomesOPlenty-forge-1.20.1-19.0.0.91.jar": {
    "jarName": "BiomesOPlenty-forge-1.20.1-19.0.0.91.jar",
    "modId": "biomesoplenty",
    "version": "19.0.0.91"
  },
  "blueprint-1.20.1-7.1.3.jar": {
    "jarName": "blueprint-1.20.1-7.1.3.jar",
    "modId": "blueprint",
    "version": "7.1.3"
  },
  "Bookshelf-Forge-1.20.1-20.2.13.jar": {
    "jarName": "Bookshelf-Forge-1.20.1-20.2.13.jar",
    "modId": "bookshelf",
    "version": "20.2.13"
  },
  "BotanyPots-Forge-1.20.1-13.0.41.jar": {
    "jarName": "BotanyPots-Forge-1.20.1-13.0.41.jar",
    "modId": "botanypots",
    "version": "13.0.41"
  },
  "BotanyPotsTiers-Forge-1.20.1-6.0.2.jar": {
    "jarName": "BotanyPotsTiers-Forge-1.20.1-6.0.2.jar",
    "modId": "botanypotstiers",
    "version": "6.0.1"
  },
  "BotanyTrees-Forge-1.20.1-9.0.18.jar": {
    "jarName": "BotanyTrees-Forge-1.20.1-9.0.18.jar",
    "modId": "botanytrees",
    "version": "9.0.18"
  },
  "botarium-forge-1.20.1-2.3.4.jar": {
    "jarName": "botarium-forge-1.20.1-2.3.4.jar",
    "modId": "botarium",
    "version": "2.3.4"
  },
  "BrewinAndChewin-1.20.1-3.2.1.jar": {
    "jarName": "BrewinAndChewin-1.20.1-3.2.1.jar",
    "modId": "brewinandchewin",
    "version": "1.20.1-3.2.1"
  },
  "buildinggadgets2-1.0.8.jar": {
    "jarName": "buildinggadgets2-1.0.8.jar",
    "modId": "buildinggadgets2",
    "version": "1.0.8"
  },
  "buzzier_bees-1.20.1-6.0.1.jar": {
    "jarName": "buzzier_bees-1.20.1-6.0.1.jar",
    "modId": "buzzier_bees",
    "version": "6.0.1"
  },
  "caelus-forge-3.2.0+1.20.1.jar": {
    "jarName": "caelus-forge-3.2.0+1.20.1.jar",
    "modId": "caelus",
    "version": "3.2.0+1.20.1"
  },
  "cc-tweaked-1.20.1-forge-1.113.1.jar": {
    "jarName": "cc-tweaked-1.20.1-forge-1.113.1.jar",
    "modId": "computercraft",
    "version": "1.113.1"
  },
  "cc-tweaked-1.20.1-forge-1.115.0.jar": {
    "jarName": "cc-tweaked-1.20.1-forge-1.115.0.jar",
    "modId": "computercraft",
    "version": "1.115.0"
  },
  "cc_vs-1.20.1-forge-0.2.2.jar": {
    "jarName": "cc_vs-1.20.1-forge-0.2.2.jar",
    "modId": "cc_vs",
    "version": "1.20.1-forge-0.2.2"
  },
  "cccbridge-mc1.20.1-v1.7.0-forge.jar": {
    "jarName": "cccbridge-mc1.20.1-v1.7.0-forge.jar",
    "modId": "cccbridge",
    "version": "1.7.0"
  },
  "CCTVCraft-1.20.1-Forge-5.0.1.jar": {
    "jarName": "CCTVCraft-1.20.1-Forge-5.0.1.jar",
    "modId": "cctvcraft",
    "version": "5.0.0"
  },
  "CHA-S-1.20-forge.jar": {
    "jarName": "CHA-S-1.20-forge.jar",
    "modId": "chas",
    "version": "1.20"
  },
  "chestedcompanions-1.3.1-1.20.1-FORGE.jar": {
    "jarName": "chestedcompanions-1.3.1-1.20.1-FORGE.jar",
    "modId": "chestedcompanions",
    "version": "1.3.1"
  },
  "chisels-and-bits-forge-1.4.148.jar": {
    "jarName": "chisels-and-bits-forge-1.4.148.jar",
    "modId": "chiselsandbits",
    "version": "1.4.148"
  },
  "citadel-2.6.2-1.20.1.jar": {
    "jarName": "citadel-2.6.2-1.20.1.jar",
    "modId": "citadel",
    "version": "2.6.2"
  },
  "cloth-config-11.1.136-forge.jar": {
    "jarName": "cloth-config-11.1.136-forge.jar",
    "modId": "cloth_config",
    "version": "11.1.136"
  },
  "configured-forge-1.20.1-2.2.3.jar": {
    "jarName": "configured-forge-1.20.1-2.2.3.jar",
    "modId": "configured",
    "version": "2.2.3"
  },
  "Controlling-forge-1.20.1-12.0.2.jar": {
    "jarName": "Controlling-forge-1.20.1-12.0.2.jar",
    "modId": "controlling",
    "version": "12.0.2"
  },
  "copycats-2.2.2+mc.1.20.1-forge.jar": {
    "jarName": "copycats-2.2.2+mc.1.20.1-forge.jar",
    "modId": "copycats",
    "version": "2.2.2+mc.1.20.1-forge"
  },
  "Corgilib-Forge-1.20.1-4.0.3.4.jar": {
    "jarName": "Corgilib-Forge-1.20.1-4.0.3.4.jar",
    "modId": "corgilib",
    "version": "4.0.3.4"
  },
  "coroutil-forge-1.20.1-1.3.7.jar": {
    "jarName": "coroutil-forge-1.20.1-1.3.7.jar",
    "modId": "coroutil",
    "version": "1.20.1-1.3.7"
  },
  "cosmeticarmorreworked-1.20.1-v1a.jar": {
    "jarName": "cosmeticarmorreworked-1.20.1-v1a.jar",
    "modId": "cosmeticarmorreworked",
    "version": "1.20.1-v1a"
  },
  "CrashAssistant-forge-1.19-1.20.1-1.9.15.jar": {
    "jarName": "CrashAssistant-forge-1.19-1.20.1-1.9.15.jar",
    "modId": "crash_assistant",
    "version": "1.9.15"
  },
  "create-1.20.1-0.5.1.j.jar": {
    "jarName": "create-1.20.1-0.5.1.j.jar",
    "modId": "create",
    "version": "0.5.1.j"
  },
  "create-confectionery1.20.1_v1.1.0.jar": {
    "jarName": "create-confectionery1.20.1_v1.1.0.jar",
    "modId": "create_confectionery",
    "version": "1.1.0"
  },
  "create_ars_nouveau_compat-1.21.1-1.0.jar": {
    "jarName": "create_ars_nouveau_compat-1.21.1-1.0.jar",
    "modId": "create_ars_nouveau_compat"
  },
  "create_cheese_factory-1.2.0-forge-1.20.1.jar": {
    "jarName": "create_cheese_factory-1.2.0-forge-1.20.1.jar",
    "modId": "create_cheese",
    "version": "1.2.0"
  },
  "create_copper_and_zinc-1.6.0-forge-1.20.1.jar": {
    "jarName": "create_copper_and_zinc-1.6.0-forge-1.20.1.jar",
    "modId": "create_copper_and_zinc",
    "version": "1.6.0"
  },
  "create_enchantment_industry-1.20.1-for-create-0.5.1.f-1.2.9.d.jar": {
    "jarName": "create_enchantment_industry-1.20.1-for-create-0.5.1.f-1.2.9.d.jar",
    "modId": "create_enchantment_industry",
    "version": "1.2.9.d"
  },
  "create_herbs-1.0.2-forge-1.20.1.jar": {
    "jarName": "create_herbs-1.0.2-forge-1.20.1.jar",
    "modId": "create_herbs",
    "version": "1.0.2"
  },
  "create_militarized-overhauled.jar": {
    "jarName": "create_militarized-overhauled.jar",
    "modId": "create_militarized_",
    "version": "1.0.0"
  },
  "create_netherless-1.20.1-1.3.jar": {
    "jarName": "create_netherless-1.20.1-1.3.jar",
    "modId": "create_netherless",
    "version": "1.3.0"
  },
  "create_nuka_cola_classic-2.0.0-forge-1.20.1.jar": {
    "jarName": "create_nuka_cola_classic-2.0.0-forge-1.20.1.jar",
    "modId": "create_nuka_cola_classic",
    "version": "1.0.0"
  },
  "create_optical-0.3.0.jar": {
    "jarName": "create_optical-0.3.0.jar",
    "modId": "create_optical",
    "version": "0.3.0"
  },
  "Create_Questing-FORGE-1.20.1-1.0.0.jar": {
    "jarName": "Create_Questing-FORGE-1.20.1-1.0.0.jar",
    "modId": "create_questing",
    "version": "1.0.0"
  },
  "create_radar-0.1.53mc1.20.1.jar": {
    "jarName": "create_radar-0.1.53mc1.20.1.jar",
    "modId": "create_radar",
    "version": "0.1"
  },
  "create_renewable_stones-1.20.1-1.2.2.jar": {
    "jarName": "create_renewable_stones-1.20.1-1.2.2.jar",
    "modId": "renewable_stones",
    "version": "1.0.0"
  },
  "create_structures_arise-161.34.33-forge-1.20.1.jar": {
    "jarName": "create_structures_arise-161.34.33-forge-1.20.1.jar",
    "modId": "create_structures_arise",
    "version": "161.34.33"
  },
  "create_the_air_wars-1.04-forge-1.20.1.jar": {
    "jarName": "create_the_air_wars-1.04-forge-1.20.1.jar",
    "modId": "create_the_air_wars",
    "version": "1.04"
  },
  "create_ultimate_factory-2.1.0-forge-1.20.1.jar": {
    "jarName": "create_ultimate_factory-2.1.0-forge-1.20.1.jar",
    "modId": "create_ultimate_factory",
    "version": "2.1.0"
  },
  "createaddition-1.20.1-1.2.4e.jar": {
    "jarName": "createaddition-1.20.1-1.2.4e.jar",
    "modId": "createaddition",
    "version": "1.20.1-1.2.4e"
  },
  "createbb-1.20.1-3.2.1.jar": {
    "jarName": "createbb-1.20.1-3.2.1.jar",
    "modId": "createbb",
    "version": "3.1.1"
  },
  "createbigcannons-5.8.2-mc.1.20.1-forge.jar": {
    "jarName": "createbigcannons-5.8.2-mc.1.20.1-forge.jar",
    "modId": "createbigcannons",
    "version": "5.8.2"
  },
  "CreateCasing-1.20.1-1.6.2-fix3.jar": {
    "jarName": "CreateCasing-1.20.1-1.6.2-fix3.jar",
    "modId": "createcasing",
    "version": "1.20.1-1.6.2-fix3"
  },
  "CreateGogglePlacement-1.0.1+1.20.1-forge.jar": {
    "jarName": "CreateGogglePlacement-1.0.1+1.20.1-forge.jar",
    "modId": "goggleplacement",
    "version": "1.0.1"
  },
  "createliquidfuel-2.1.1-1.20.1.jar": {
    "jarName": "createliquidfuel-2.1.1-1.20.1.jar",
    "modId": "createliquidfuel",
    "version": "2.1.1-1.20.1"
  },
  "createtaczauto-1.5.1-forge-1.20.1.jar": {
    "jarName": "createtaczauto-1.5.1-forge-1.20.1.jar",
    "modId": "createtaczauto",
    "version": "1.5.1"
  },
  "CreateTankDefenses v0.80.jar": {
    "jarName": "CreateTankDefenses v0.80.jar",
    "modId": "create_tank_defenses",
    "version": "0.80"
  },
  "Cucumber-1.20.1-7.0.14.jar": {
    "jarName": "Cucumber-1.20.1-7.0.14.jar",
    "modId": "cucumber",
    "version": "7.0.14"
  },
  "curios-forge-5.14.1+1.20.1.jar": {
    "jarName": "curios-forge-5.14.1+1.20.1.jar",
    "modId": "curios",
    "version": "5.14.1+1.20.1"
  },
  "curiotiab-1.20.1-2.0.2.jar": {
    "jarName": "curiotiab-1.20.1-2.0.2.jar",
    "modId": "curiotiab",
    "version": "1.20.1-2.0.2"
  },
  "darkorb-forge-1.20.1-1.0.3.jar": {
    "jarName": "darkorb-forge-1.20.1-1.0.3.jar",
    "modId": "darkorb",
    "version": "1.0.3"
  },
  "dawnoftimebuilder-forge-1.20.1-1.5.17.jar": {
    "jarName": "dawnoftimebuilder-forge-1.20.1-1.5.17.jar",
    "modId": "dawnoftimebuilder",
    "version": "1.5.17"
  },
  "Dynamic Trees BWG-1.20.1-1.0.7.jar": {
    "jarName": "Dynamic Trees BWG-1.20.1-1.0.7.jar",
    "modId": "dtbwg",
    "version": "1.20.1-1.0.7"
  },
  "DynamicTrees-1.20.1-1.4.5.jar": {
    "jarName": "DynamicTrees-1.20.1-1.4.5.jar",
    "modId": "dynamictrees",
    "version": "1.20.1-1.4.5"
  },
  "DynamicTreesBOP-1.20.1-3.3.3.jar": {
    "jarName": "DynamicTreesBOP-1.20.1-3.3.3.jar",
    "modId": "dtbop",
    "version": "1.20.1-3.3.3"
  },
  "DynamicTreesPlus-1.20.1-1.2.1.jar": {
    "jarName": "DynamicTreesPlus-1.20.1-1.2.1.jar",
    "modId": "dynamictreesplus",
    "version": "1.20.1-1.2.1"
  },
  "easy-piglins-forge-1.20.1-1.0.13.jar": {
    "jarName": "easy-piglins-forge-1.20.1-1.0.13.jar",
    "modId": "easy_piglins",
    "version": "1.20.1-1.0.13"
  },
  "easy-villagers-forge-1.20.1-1.1.23.jar": {
    "jarName": "easy-villagers-forge-1.20.1-1.1.23.jar",
    "modId": "easy_villagers",
    "version": "1.20.1-1.1.23"
  },
  "edible_stuff-2.1.0-forge-1.20.1.jar": {
    "jarName": "edible_stuff-2.1.0-forge-1.20.1.jar",
    "modId": "edible_stuff",
    "version": "2.0.0"
  },
  "elytraslot-forge-6.4.4+1.20.1.jar": {
    "jarName": "elytraslot-forge-6.4.4+1.20.1.jar",
    "modId": "elytraslot",
    "version": "6.4.4+1.20.1"
  },
  "embeddium-0.3.31+mc1.20.1.jar": {
    "jarName": "embeddium-0.3.31+mc1.20.1.jar",
    "modId": "embeddium",
    "version": "0.3.31+mc1.20.1"
  },
  "Essential_1-3-9_forge_1-20-1.jar": {
    "jarName": "Essential_1-3-9_forge_1-20-1.jar",
    "modId": "essential-container"
  },
  "Estrogen-4.3.4+1.20.1-forge.jar": {
    "jarName": "Estrogen-4.3.4+1.20.1-forge.jar",
    "modId": "estrogen",
    "version": "4.3.4+1.20.1-forge"
  },
  "ExtendedAE-1.20-1.4.3-forge.jar": {
    "jarName": "ExtendedAE-1.20-1.4.3-forge.jar",
    "modId": "expatternprovider",
    "version": "1.20-1.4.3-forge"
  },
  "extrahnn-1.20.1-1.0.2.jar": {
    "jarName": "extrahnn-1.20.1-1.0.2.jar",
    "modId": "extrahnn",
    "version": "1.0.2"
  },
  "fallingleaves-1.20.1-2.1.2.jar": {
    "jarName": "fallingleaves-1.20.1-2.1.2.jar",
    "modId": "fallingleaves",
    "version": "2.1.2"
  },
  "farmers-cutting-oh-the-biomes-weve-gone-1.20.1-1.1-forge.jar": {
    "jarName": "farmers-cutting-oh-the-biomes-weve-gone-1.20.1-1.1-forge.jar",
    "modId": "mr_farmers_cuttingohthebiomeswevegone",
    "version": "1.20.1-1.1-forge"
  },
  "farmers_delight_christmas_edition-V1.0.1-forge-1.20.1.jar": {
    "jarName": "farmers_delight_christmas_edition-V1.0.1-forge-1.20.1.jar",
    "modId": "farmers_delight_christmas_editon",
    "version": "1.0.0"
  },
  "FarmersDelight-1.20.1-1.2.8.jar": {
    "jarName": "FarmersDelight-1.20.1-1.2.8.jar",
    "modId": "farmersdelight",
    "version": "1.20.1-1.2.8"
  },
  "farmersrespite-1.20.1-2.1.2.jar": {
    "jarName": "farmersrespite-1.20.1-2.1.2.jar",
    "modId": "farmersrespite",
    "version": "1.20.1-2.1"
  },
  "flib-1.20.1-0.0.15.jar": {
    "jarName": "flib-1.20.1-0.0.15.jar",
    "modId": "flib",
    "version": "0.0.15"
  },
  "flowerymooblooms-forge-mc1.20.1-2.0.2.jar": {
    "jarName": "flowerymooblooms-forge-mc1.20.1-2.0.2.jar",
    "modId": "flowerymooblooms",
    "version": "2.0.2"
  },
  "framework-forge-1.20.1-0.7.15.jar": {
    "jarName": "framework-forge-1.20.1-0.7.15.jar",
    "modId": "framework",
    "version": "0.7.15"
  },
  "friendsandfoes-forge-mc1.20.1-3.0.9.jar": {
    "jarName": "friendsandfoes-forge-mc1.20.1-3.0.9.jar",
    "modId": "friendsandfoes",
    "version": "3.0.9"
  },
  "ftb-chunks-forge-2001.3.6.jar": {
    "jarName": "ftb-chunks-forge-2001.3.6.jar",
    "modId": "ftbchunks",
    "version": "2001.3.6"
  },
  "ftb-library-forge-2001.2.10.jar": {
    "jarName": "ftb-library-forge-2001.2.10.jar",
    "modId": "ftblibrary",
    "version": "2001.2.10"
  },
  "ftb-quests-forge-2001.4.14.jar": {
    "jarName": "ftb-quests-forge-2001.4.14.jar",
    "modId": "ftbquests",
    "version": "2001.4.14"
  },
  "ftb-teams-forge-2001.3.1.jar": {
    "jarName": "ftb-teams-forge-2001.3.1.jar",
    "modId": "ftbteams",
    "version": "2001.3.1"
  },
  "ftb-ultimine-forge-2001.1.6.jar": {
    "jarName": "ftb-ultimine-forge-2001.1.6.jar",
    "modId": "ftbultimine",
    "version": "2001.1.6"
  },
  "fusion-1.2.10-forge-mc1.20.1.jar": {
    "jarName": "fusion-1.2.10-forge-mc1.20.1.jar",
    "modId": "fusion",
    "version": "1.2.10"
  },
  "geckolib-forge-1.20.1-4.7.3.jar": {
    "jarName": "geckolib-forge-1.20.1-4.7.3.jar",
    "modId": "geckolib",
    "version": "4.7.3"
  },
  "GeckoLibOculusCompat-Forge-1.0.1.jar": {
    "jarName": "GeckoLibOculusCompat-Forge-1.0.1.jar",
    "modId": "geckoanimfix",
    "version": "1.0.0"
  },
  "GlitchCore-forge-1.20.1-0.0.1.1.jar": {
    "jarName": "GlitchCore-forge-1.20.1-0.0.1.1.jar",
    "modId": "glitchcore",
    "version": "0.0.1.1"
  },
  "globalpacks-forge-1.20.1-19.3.5.jar": {
    "jarName": "globalpacks-forge-1.20.1-19.3.5.jar",
    "modId": "globalpacks",
    "version": "19.3.5"
  },
  "Glodium-1.20-1.5-forge.jar": {
    "jarName": "Glodium-1.20-1.5-forge.jar",
    "modId": "glodium",
    "version": "1.20-1.5-forge"
  },
  "goblintraders-forge-1.20.1-1.9.3.jar": {
    "jarName": "goblintraders-forge-1.20.1-1.9.3.jar",
    "modId": "goblintraders",
    "version": "1.9.3"
  },
  "guideme-20.1.11.jar": {
    "jarName": "guideme-20.1.11.jar",
    "modId": "guideme",
    "version": "20.1.11"
  },
  "happyghastmod-1.5.4.jar": {
    "jarName": "happyghastmod-1.5.4.jar",
    "modId": "happyghastmod",
    "version": "1.5.4"
  },
  "horsescanswim-1.0.1.jar": {
    "jarName": "horsescanswim-1.0.1.jar",
    "modId": "horsescanswim",
    "version": "1.0.1"
  },
  "HostileNeuralNetworks-1.20.1-5.3.3.jar": {
    "jarName": "HostileNeuralNetworks-1.20.1-5.3.3.jar",
    "modId": "hostilenetworks",
    "version": "5.3.3"
  },
  "immersive_weathering-1.20.1-2.0.5-forge.jar": {
    "jarName": "immersive_weathering-1.20.1-2.0.5-forge.jar",
    "modId": "immersive_weathering",
    "version": "1.20.1-2.0.5"
  },
  "inventoryessentials-forge-1.20.1-8.2.9.jar": {
    "jarName": "inventoryessentials-forge-1.20.1-8.2.9.jar",
    "modId": "inventoryessentials",
    "version": "8.2.9"
  },
  "inventorypets-1.20.1-2.2.1.jar": {
    "jarName": "inventorypets-1.20.1-2.2.1.jar",
    "modId": "inventorypets",
    "version": "2.2.1"
  },
  "inventorysorter-1.20.1-23.0.8.jar": {
    "jarName": "inventorysorter-1.20.1-23.0.8.jar",
    "modId": "inventorysorter",
    "version": "23.0.8"
  },
  "Jade-1.20.1-Forge-11.13.1.jar": {
    "jarName": "Jade-1.20.1-Forge-11.13.1.jar",
    "modId": "jade",
    "version": "11.13.1+forge"
  },
  "jei-1.20.1-forge-15.20.0.112.jar": {
    "jarName": "jei-1.20.1-forge-15.20.0.112.jar",
    "modId": "jei",
    "version": "15.20.0.112"
  },
  "kjscc-2002-1.0.2-beta.jar": {
    "jarName": "kjscc-2002-1.0.2-beta.jar",
    "modId": "kjscc",
    "version": "2002-1.0.2-beta"
  },
  "kotlinforforge-4.11.0-all.jar": {
    "jarName": "kotlinforforge-4.11.0-all.jar"
  },
  "kubejs-create-forge-2001.2.5-build.2.jar": {
    "jarName": "kubejs-create-forge-2001.2.5-build.2.jar",
    "modId": "kubejs_create",
    "version": "2001.2.5-build.2"
  },
  "kubejs-forge-2001.6.5-build.16.jar": {
    "jarName": "kubejs-forge-2001.6.5-build.16.jar",
    "modId": "kubejs",
    "version": "2001.6.5-build.16"
  },
  "kubejs-mekanism-forge-2001.1.5.1-build.2.jar": {
    "jarName": "kubejs-mekanism-forge-2001.1.5.1-build.2.jar",
    "modId": "kubejs_mekanism",
    "version": "2001.1.5.1-build.2"
  },
  "kubejs_curios_forge_1.20.1-1.0.4.jar": {
    "jarName": "kubejs_curios_forge_1.20.1-1.0.4.jar",
    "modId": "kubejs_curios",
    "version": "1.0.4"
  },
  "kubejsarsnouveau-1.2.2.jar": {
    "jarName": "kubejsarsnouveau-1.2.2.jar",
    "modId": "kubejsarsnouveau",
    "version": "1.2.2"
  },
  "kubejsdelight-1.1.2.jar": {
    "jarName": "kubejsdelight-1.1.2.jar",
    "modId": "kubejsdelight",
    "version": "1.1.2"
  },
  "kubejspowah-1.2.1.jar": {
    "jarName": "kubejspowah-1.2.1.jar",
    "modId": "kubejspowah",
    "version": "1.2.1"
  },
  "largemeals-1.20.1-1.3.0.jar": {
    "jarName": "largemeals-1.20.1-1.3.0.jar",
    "modId": "largemeals",
    "version": "1.20.1-1.3.0"
  },
  "lexiconfig-forge-1.4.18-1.jar": {
    "jarName": "lexiconfig-forge-1.4.18-1.jar",
    "modId": "lexiconfig",
    "version": "1.4.18-1"
  },
  "liquidburner-1.20.1-0.5.jar": {
    "jarName": "liquidburner-1.20.1-0.5.jar",
    "modId": "liquidburner",
    "version": "0.5"
  },
  "megacells-forge-2.4.6-1.20.1.jar": {
    "jarName": "megacells-forge-2.4.6-1.20.1.jar",
    "modId": "megacells",
    "version": "2.4.6-1.20.1"
  },
  "meinfinitycell-1.20.1-3.0.0.jar": {
    "jarName": "meinfinitycell-1.20.1-3.0.0.jar",
    "modId": "meinfinitycell",
    "version": "1.20.1-3.0.0"
  },
  "Mekanism-1.20.1-10.4.16.80.jar": {
    "jarName": "Mekanism-1.20.1-10.4.16.80.jar",
    "modId": "mekanism",
    "version": "10.4.16"
  },
  "midnightlib-forge-1.4.2.jar": {
    "jarName": "midnightlib-forge-1.4.2.jar",
    "modId": "midnightlib",
    "version": "1.4.2"
  },
  "moonlight-1.20-2.16.2-forge.jar": {
    "jarName": "moonlight-1.20-2.16.2-forge.jar",
    "modId": "moonlight",
    "version": "1.20-2.16.2"
  },
  "morered-1.20.1-4.0.0.4.jar": {
    "jarName": "morered-1.20.1-4.0.0.4.jar",
    "modId": "morered",
    "version": "4.0.0.4"
  },
  "MoreRed-CCT-Compat-1.20.1-1.0.0.jar": {
    "jarName": "MoreRed-CCT-Compat-1.20.1-1.0.0.jar",
    "modId": "moreredxcctcompat",
    "version": "1.20.1-1.0.0"
  },
  "MouseTweaks-forge-mc1.20.1-2.25.1.jar": {
    "jarName": "MouseTweaks-forge-mc1.20.1-2.25.1.jar",
    "modId": "mousetweaks",
    "version": "2.25.1"
  },
  "mowziesmobs-1.7.3.jar": {
    "jarName": "mowziesmobs-1.7.3.jar",
    "modId": "mowziesmobs",
    "version": "1.7.3"
  },
  "MysticalAgriculture-1.20.1-7.0.22.jar": {
    "jarName": "MysticalAgriculture-1.20.1-7.0.22.jar",
    "modId": "mysticalagriculture",
    "version": "7.0.22"
  },
  "Necronomicon-Forge-1.6.0+1.20.1.jar": {
    "jarName": "Necronomicon-Forge-1.6.0+1.20.1.jar",
    "modId": "necronomicon",
    "version": "1.6.0"
  },
  "netherite_horse_armor-forge-1.20.1-1.0.4.jar": {
    "jarName": "netherite_horse_armor-forge-1.20.1-1.0.4.jar",
    "modId": "netherite_horse_armor",
    "version": "1.20.1-1.0.4"
  },
  "nethersdelight-1.20.1-4.0.jar": {
    "jarName": "nethersdelight-1.20.1-4.0.jar",
    "modId": "nethersdelight",
    "version": "1.20.1-4.0"
  },
  "nologpunch-1.20.1-2.0.1.jar": {
    "jarName": "nologpunch-1.20.1-2.0.1.jar",
    "modId": "nologpunch",
    "version": "2.0.1"
  },
  "oculus-mc1.20.1-1.8.0.jar": {
    "jarName": "oculus-mc1.20.1-1.8.0.jar",
    "modId": "oculus",
    "version": "1.8.0"
  },
  "Oh-The-Biomes-Weve-Gone-Forge-1.6.4.jar": {
    "jarName": "Oh-The-Biomes-Weve-Gone-Forge-1.6.4.jar",
    "modId": "biomeswevegone",
    "version": "1.6.4"
  },
  "Oh-The-Trees-Youll-Grow-forge-1.20.1-1.3.13.jar": {
    "jarName": "Oh-The-Trees-Youll-Grow-forge-1.20.1-1.3.13.jar",
    "modId": "ohthetreesyoullgrow",
    "version": "1.3.13"
  },
  "origins-classes-forge-1.2.1.jar": {
    "jarName": "origins-classes-forge-1.2.1.jar",
    "modId": "origins_classes",
    "version": "1.2.1"
  },
  "origins-forge-1.20.1-1.10.0.9-all.jar": {
    "jarName": "origins-forge-1.20.1-1.10.0.9-all.jar",
    "modId": "origins",
    "version": "1.20.1-1.10.0.9"
  },
  "Pehkui-3.8.2+1.20.1-forge.jar": {
    "jarName": "Pehkui-3.8.2+1.20.1-forge.jar",
    "modId": "pehkui",
    "version": "3.8.2+1.20.1-forge"
  },
  "Placebo-1.20.1-8.6.3.jar": {
    "jarName": "Placebo-1.20.1-8.6.3.jar",
    "modId": "placebo",
    "version": "8.6.3"
  },
  "Powah-5.0.11.jar": {
    "jarName": "Powah-5.0.11.jar",
    "modId": "powah",
    "version": "5.0.11"
  },
  "probejs-6.0.1-forge.jar": {
    "jarName": "probejs-6.0.1-forge.jar",
    "modId": "probejs",
    "version": "6.0.1"
  },
  "productivebees-1.20.1-12.6.0.jar": {
    "jarName": "productivebees-1.20.1-12.6.0.jar",
    "modId": "productivebees",
    "version": "1.20.1-12.6.0"
  },
  "Rats-1.20.1-8.1.3.jar": {
    "jarName": "Rats-1.20.1-8.1.3.jar",
    "modId": "rats",
    "version": "1.20.1-8.1.3"
  },
  "resourcefulconfig-forge-1.20.1-2.1.3.jar": {
    "jarName": "resourcefulconfig-forge-1.20.1-2.1.3.jar",
    "modId": "resourcefulconfig",
    "version": "2.1.3"
  },
  "resourcefullib-forge-1.20.1-2.1.29.jar": {
    "jarName": "resourcefullib-forge-1.20.1-2.1.29.jar",
    "modId": "resourcefullib",
    "version": "2.1.29"
  },
  "rhino-forge-2001.2.3-build.10.jar": {
    "jarName": "rhino-forge-2001.2.3-build.10.jar",
    "modId": "rhino",
    "version": "2001.2.3-build.10"
  },
  "ritchiesprojectilelib-2.1.0+mc.1.20.1-forge.jar": {
    "jarName": "ritchiesprojectilelib-2.1.0+mc.1.20.1-forge.jar",
    "modId": "ritchiesprojectilelib",
    "version": "2.1.0"
  },
  "rubidium-extra-0.5.4.4+mc1.20.1-build.131.jar": {
    "jarName": "rubidium-extra-0.5.4.4+mc1.20.1-build.131.jar",
    "modId": "embeddium_extra",
    "version": "0.5.4.4+mc1.20.1-build.131"
  },
  "sawmill-1.20-1.4.8.jar": {
    "jarName": "sawmill-1.20-1.4.8.jar",
    "modId": "sawmill",
    "version": "1.20-1.4.8"
  },
  "Searchables-forge-1.20.1-1.0.3.jar": {
    "jarName": "Searchables-forge-1.20.1-1.0.3.jar",
    "modId": "searchables",
    "version": "1.0.3"
  },
  "SereneSeasons-forge-1.20.1-9.1.0.2.jar": {
    "jarName": "SereneSeasons-forge-1.20.1-9.1.0.2.jar",
    "modId": "sereneseasons",
    "version": "9.1.0.2"
  },
  "simpleplanes-1.20.1-5.3.3.jar": {
    "jarName": "simpleplanes-1.20.1-5.3.3.jar",
    "modId": "simpleplanes",
    "version": "1.20.1-5.3.3"
  },
  "simpleradio-forge-1.20.1-3.4.6.jar": {
    "jarName": "simpleradio-forge-1.20.1-3.4.6.jar",
    "modId": "simpleradio",
    "version": "3.4.6"
  },
  "sliceanddice-forge-3.3.0.jar": {
    "jarName": "sliceanddice-forge-3.3.0.jar",
    "modId": "sliceanddice",
    "version": "3.3.0"
  },
  "sodiumdynamiclights-forge-1.0.10-1.20.1.jar": {
    "jarName": "sodiumdynamiclights-forge-1.0.10-1.20.1.jar",
    "modId": "sodiumdynamiclights",
    "version": "1.0.9"
  },
  "sodiumextras-forge-1.0.7-1.20.1.jar": {
    "jarName": "sodiumextras-forge-1.0.7-1.20.1.jar",
    "modId": "sodiumextras",
    "version": "1.0.6"
  },
  "sodiumoptionsapi-forge-1.0.10-1.20.1.jar": {
    "jarName": "sodiumoptionsapi-forge-1.0.10-1.20.1.jar",
    "modId": "sodiumoptionsapi",
    "version": "1.0.10"
  },
  "sophisticatedbackpacks-1.20.1-3.23.25.1307.jar": {
    "jarName": "sophisticatedbackpacks-1.20.1-3.23.25.1307.jar",
    "modId": "sophisticatedbackpacks",
    "version": "3.23.25.1307"
  },
  "sophisticatedcore-1.20.1-1.2.81.1091.jar": {
    "jarName": "sophisticatedcore-1.20.1-1.2.81.1091.jar",
    "modId": "sophisticatedcore",
    "version": "1.2.81.1091"
  },
  "sophisticatedstorage-1.20.1-1.3.60.1226.jar": {
    "jarName": "sophisticatedstorage-1.20.1-1.3.60.1226.jar",
    "modId": "sophisticatedstorage",
    "version": "1.3.60.1226"
  },
  "sound-physics-remastered-forge-1.20.1-1.4.15.jar": {
    "jarName": "sound-physics-remastered-forge-1.20.1-1.4.15.jar",
    "modId": "sound_physics_remastered",
    "version": "1.20.1-1.4.15"
  },
  "Steam_Rails-1.6.7+forge-mc1.20.1.jar": {
    "jarName": "Steam_Rails-1.6.7+forge-mc1.20.1.jar",
    "modId": "railways",
    "version": "1.6.7+forge-mc1.20.1"
  },
  "Storage Drawers-forge-1.20.1-12.11.3.jar": {
    "jarName": "Storage Drawers-forge-1.20.1-12.11.3.jar",
    "modId": "storagedrawers",
    "version": "12.11.3"
  },
  "tacz-1.20.1-1.1.6-hotfix.jar": {
    "jarName": "tacz-1.20.1-1.1.6-hotfix.jar",
    "modId": "tacz",
    "version": "1.1.6-hotfix"
  },
  "tempad-forge-1.20.1-2.3.4.jar": {
    "jarName": "tempad-forge-1.20.1-2.3.4.jar",
    "modId": "tempad",
    "version": "2.3.4"
  },
  "tempadwithshaders-1.20.1-1.0.0.jar": {
    "jarName": "tempadwithshaders-1.20.1-1.0.0.jar",
    "modId": "tempadwithshaders",
    "version": "1.0.0"
  },
  "TerraBlender-forge-1.20.1-3.0.1.10.jar": {
    "jarName": "TerraBlender-forge-1.20.1-3.0.1.10.jar",
    "modId": "terrablender",
    "version": "3.0.1.10"
  },
  "the_dirty_stuff-2.1-forge-1.20.1.jar": {
    "jarName": "the_dirty_stuff-2.1-forge-1.20.1.jar",
    "modId": "the_dirty_stuff",
    "version": "2.1"
  },
  "time-in-a-bottle-4.0.4-mc1.20.1.jar": {
    "jarName": "time-in-a-bottle-4.0.4-mc1.20.1.jar",
    "modId": "tiab",
    "version": "4.0.4-mc1.20.1"
  },
  "tough_as_nails_for_respite-1.1.2-forge-1.20.1.jar": {
    "jarName": "tough_as_nails_for_respite-1.1.2-forge-1.20.1.jar",
    "modId": "tough_as_nails_for_respite",
    "version": "1.0.0"
  },
  "ToughAsNails-forge-1.20.1-9.2.0.171.jar": {
    "jarName": "ToughAsNails-forge-1.20.1-9.2.0.171.jar",
    "modId": "toughasnails",
    "version": "9.2.0.171"
  },
  "trackwork-1.20.1-1.1.1b.jar": {
    "jarName": "trackwork-1.20.1-1.1.1b.jar",
    "modId": "trackwork",
    "version": "1.1.1b"
  },
  "trade-cycling-forge-1.20.1-1.0.7.jar": {
    "jarName": "trade-cycling-forge-1.20.1-1.0.7.jar",
    "modId": "trade_cycling",
    "version": "1.20.1-1.0.7"
  },
  "twilightforest-1.20.1-4.3.2508-universal.jar": {
    "jarName": "twilightforest-1.20.1-4.3.2508-universal.jar",
    "modId": "twilightforest",
    "version": "4.3.2508"
  },
  "twoplayersonehorse-forge-1.20.1-1.0.3.jar": {
    "jarName": "twoplayersonehorse-forge-1.20.1-1.0.3.jar",
    "modId": "twoplayersonehorse",
    "version": "1.0.3"
  },
  "UnionLib-1.20.1-12.0.18-Forge-all.jar": {
    "jarName": "UnionLib-1.20.1-12.0.18-Forge-all.jar",
    "modId": "unionlib",
    "version": "12.0.18"
  },
  "valkyrienskies-120-2.3.0-beta.9.jar": {
    "jarName": "valkyrienskies-120-2.3.0-beta.9.jar",
    "modId": "valkyrienskies",
    "version": "2.3.0-beta.9"
  },
  "voicechat-forge-1.20.1-2.5.35.jar": {
    "jarName": "voicechat-forge-1.20.1-2.5.35.jar",
    "modId": "voicechat",
    "version": "1.20.1-2.5.35"
  },
  "waystones-forge-1.20.1-14.1.16.jar": {
    "jarName": "waystones-forge-1.20.1-14.1.16.jar",
    "modId": "waystones",
    "version": "14.1.16"
  },
  "weather2-1.20.1-2.8.3.jar": {
    "jarName": "weather2-1.20.1-2.8.3.jar",
    "modId": "weather2",
    "version": "1.20.1-2.8.3"
  },
  "YeetusExperimentus-Forge-2.3.1-build.6+mc1.20.1.jar": {
    "jarName": "YeetusExperimentus-Forge-2.3.1-build.6+mc1.20.1.jar",
    "modId": "yeetusexperimentus",
    "version": "2.3.1-build.6+mc1.20.1"
  },
  "yet_another_config_lib_v3-3.6.6+1.20.1-forge.jar": {
    "jarName": "yet_another_config_lib_v3-3.6.6+1.20.1-forge.jar",
    "modId": "yet_another_config_lib_v3",
    "version": "3.6.6+1.20.1-forge"
  }
}